category_id,buy_1201,buy_1202,buy_delta,contribution
965809,23.0,44.0,21.0,0.021807
1464116,68.0,89.0,21.0,0.021807
4918438,6.0,23.0,17.0,0.017653
1575622,20.0,36.0,16.0,0.016615
2297500,5.0,21.0,16.0,0.016615
3738615,12.0,26.0,14.0,0.014538
2640118,30.0,43.0,13.0,0.013499
3002561,28.0,41.0,13.0,0.013499
3065645,15.0,28.0,13.0,0.013499
846990,6.0,18.0,12.0,0.012461
854059,0.0,10.0,10.0,0.010384
2939262,24.0,34.0,10.0,0.010384
4181361,14.0,24.0,10.0,0.010384
801221,16.0,25.0,9.0,0.009346
990723,0.0,9.0,9.0,0.009346
1051370,8.0,17.0,9.0,0.009346
1379146,11.0,20.0,9.0,0.009346
2572604,0.0,9.0,9.0,0.009346
3371868,0.0,9.0,9.0,0.009346
4069500,3.0,12.0,9.0,0.009346
4086613,1.0,10.0,9.0,0.009346
405755,0.0,8.0,8.0,0.008307
901282,5.0,13.0,8.0,0.008307
1074254,2.0,10.0,8.0,0.008307
1689624,4.0,12.0,8.0,0.008307
1851156,5.0,13.0,8.0,0.008307
2465336,20.0,28.0,8.0,0.008307
3616520,0.0,8.0,8.0,0.008307
4672807,11.0,19.0,8.0,0.008307
703487,1.0,8.0,7.0,0.007269
982926,60.0,67.0,7.0,0.007269
2578647,10.0,17.0,7.0,0.007269
2581941,5.0,12.0,7.0,0.007269
2869260,0.0,7.0,7.0,0.007269
2885642,76.0,83.0,7.0,0.007269
3607361,22.0,29.0,7.0,0.007269
3664107,3.0,10.0,7.0,0.007269
4242717,2.0,9.0,7.0,0.007269
4789432,36.0,43.0,7.0,0.007269
181182,0.0,6.0,6.0,0.006231
245312,5.0,11.0,6.0,0.006231
383749,3.0,9.0,6.0,0.006231
1265358,17.0,23.0,6.0,0.006231
1297992,4.0,10.0,6.0,0.006231
1376358,1.0,7.0,6.0,0.006231
2033408,4.0,10.0,6.0,0.006231
2629787,2.0,8.0,6.0,0.006231
4022701,5.0,11.0,6.0,0.006231
4267003,0.0,6.0,6.0,0.006231
4763051,0.0,6.0,6.0,0.006231
4919077,7.0,13.0,6.0,0.006231
85955,5.0,10.0,5.0,0.005192
102272,2.0,7.0,5.0,0.005192
380289,2.0,7.0,5.0,0.005192
542584,4.0,9.0,5.0,0.005192
569703,0.0,5.0,5.0,0.005192
796856,0.0,5.0,5.0,0.005192
800581,16.0,21.0,5.0,0.005192
866301,17.0,22.0,5.0,0.005192
904454,4.0,9.0,5.0,0.005192
1168596,0.0,5.0,5.0,0.005192
1198404,0.0,5.0,5.0,0.005192
1471163,0.0,5.0,5.0,0.005192
1829804,0.0,5.0,5.0,0.005192
1881956,2.0,7.0,5.0,0.005192
2042400,3.0,8.0,5.0,0.005192
2228184,2.0,7.0,5.0,0.005192
2476560,9.0,14.0,5.0,0.005192
2700588,0.0,5.0,5.0,0.005192
2735466,66.0,71.0,5.0,0.005192
2837163,1.0,6.0,5.0,0.005192
2926020,8.0,13.0,5.0,0.005192
3189162,2.0,7.0,5.0,0.005192
3228699,1.0,6.0,5.0,0.005192
3530487,1.0,6.0,5.0,0.005192
3800818,0.0,5.0,5.0,0.005192
4159072,38.0,43.0,5.0,0.005192
4217906,28.0,33.0,5.0,0.005192
128357,1.0,5.0,4.0,0.004154
235534,7.0,11.0,4.0,0.004154
240303,0.0,4.0,4.0,0.004154
330316,2.0,6.0,4.0,0.004154
634034,1.0,5.0,4.0,0.004154
668498,0.0,4.0,4.0,0.004154
672001,2.0,6.0,4.0,0.004154
715319,1.0,5.0,4.0,0.004154
767106,0.0,4.0,4.0,0.004154
865039,2.0,6.0,4.0,0.004154
1023823,0.0,4.0,4.0,0.004154
1113817,0.0,4.0,4.0,0.004154
1320293,33.0,37.0,4.0,0.004154
1879194,35.0,39.0,4.0,0.004154
1928278,2.0,6.0,4.0,0.004154
1936748,5.0,9.0,4.0,0.004154
2145555,0.0,4.0,4.0,0.004154
2296439,5.0,9.0,4.0,0.004154
2812445,0.0,4.0,4.0,0.004154
2827444,2.0,6.0,4.0,0.004154
2878148,0.0,4.0,4.0,0.004154
2892802,0.0,4.0,4.0,0.004154
2982027,3.0,7.0,4.0,0.004154
3053420,0.0,4.0,4.0,0.004154
3108044,5.0,9.0,4.0,0.004154
3123187,0.0,4.0,4.0,0.004154
3283188,0.0,4.0,4.0,0.004154
3354186,3.0,7.0,4.0,0.004154
3632786,0.0,4.0,4.0,0.004154
3669044,7.0,11.0,4.0,0.004154
3720767,2.0,6.0,4.0,0.004154
3829421,0.0,4.0,4.0,0.004154
3916967,0.0,4.0,4.0,0.004154
3962843,1.0,5.0,4.0,0.004154
4062559,1.0,5.0,4.0,0.004154
4135836,2.0,6.0,4.0,0.004154
4148053,5.0,9.0,4.0,0.004154
4284875,3.0,7.0,4.0,0.004154
4331400,2.0,6.0,4.0,0.004154
4519460,1.0,5.0,4.0,0.004154
4537973,0.0,4.0,4.0,0.004154
4974254,1.0,5.0,4.0,0.004154
4993094,6.0,10.0,4.0,0.004154
8409,0.0,3.0,3.0,0.003115
106589,0.0,3.0,3.0,0.003115
120033,0.0,3.0,3.0,0.003115
168997,0.0,3.0,3.0,0.003115
174239,8.0,11.0,3.0,0.003115
244923,0.0,3.0,3.0,0.003115
274067,1.0,4.0,3.0,0.003115
381850,16.0,19.0,3.0,0.003115
552733,0.0,3.0,3.0,0.003115
570735,35.0,38.0,3.0,0.003115
590997,1.0,4.0,3.0,0.003115
625430,0.0,3.0,3.0,0.003115
685988,0.0,3.0,3.0,0.003115
753984,6.0,9.0,3.0,0.003115
772894,5.0,8.0,3.0,0.003115
791327,0.0,3.0,3.0,0.003115
869231,0.0,3.0,3.0,0.003115
970338,1.0,4.0,3.0,0.003115
983613,2.0,5.0,3.0,0.003115
1010656,0.0,3.0,3.0,0.003115
1040356,1.0,4.0,3.0,0.003115
1068933,1.0,4.0,3.0,0.003115
1082035,0.0,3.0,3.0,0.003115
1102540,1.0,4.0,3.0,0.003115
1216617,6.0,9.0,3.0,0.003115
1293225,0.0,3.0,3.0,0.003115
1320782,2.0,5.0,3.0,0.003115
1338377,1.0,4.0,3.0,0.003115
1368970,2.0,5.0,3.0,0.003115
1447685,0.0,3.0,3.0,0.003115
1474371,8.0,11.0,3.0,0.003115
1485156,0.0,3.0,3.0,0.003115
1573465,5.0,8.0,3.0,0.003115
1620537,0.0,3.0,3.0,0.003115
1717476,0.0,3.0,3.0,0.003115
1803510,0.0,3.0,3.0,0.003115
1817004,5.0,8.0,3.0,0.003115
1820842,0.0,3.0,3.0,0.003115
1842993,0.0,3.0,3.0,0.003115
1881274,0.0,3.0,3.0,0.003115
1994940,1.0,4.0,3.0,0.003115
2052526,0.0,3.0,3.0,0.003115
2154867,0.0,3.0,3.0,0.003115
2304296,0.0,3.0,3.0,0.003115
2407396,0.0,3.0,3.0,0.003115
2409937,0.0,3.0,3.0,0.003115
2419332,0.0,3.0,3.0,0.003115
2419959,0.0,3.0,3.0,0.003115
2436637,1.0,4.0,3.0,0.003115
2492895,0.0,3.0,3.0,0.003115
2550060,0.0,3.0,3.0,0.003115
2615163,0.0,3.0,3.0,0.003115
2672392,0.0,3.0,3.0,0.003115
2736436,2.0,5.0,3.0,0.003115
2920476,4.0,7.0,3.0,0.003115
3004853,11.0,14.0,3.0,0.003115
3177877,4.0,7.0,3.0,0.003115
3232473,4.0,7.0,3.0,0.003115
3277224,3.0,6.0,3.0,0.003115
3335147,0.0,3.0,3.0,0.003115
3338209,0.0,3.0,3.0,0.003115
3410245,1.0,4.0,3.0,0.003115
3419760,1.0,4.0,3.0,0.003115
3566034,0.0,3.0,3.0,0.003115
3598912,13.0,16.0,3.0,0.003115
3619575,3.0,6.0,3.0,0.003115
3673501,6.0,9.0,3.0,0.003115
3797203,0.0,3.0,3.0,0.003115
3874527,0.0,3.0,3.0,0.003115
3884119,0.0,3.0,3.0,0.003115
3897386,3.0,6.0,3.0,0.003115
3917972,0.0,3.0,3.0,0.003115
4121590,0.0,3.0,3.0,0.003115
4164234,0.0,3.0,3.0,0.003115
4286569,1.0,4.0,3.0,0.003115
4364882,0.0,3.0,3.0,0.003115
4443922,0.0,3.0,3.0,0.003115
4640311,4.0,7.0,3.0,0.003115
4654786,2.0,5.0,3.0,0.003115
4718907,0.0,3.0,3.0,0.003115
4758477,6.0,9.0,3.0,0.003115
4801426,65.0,68.0,3.0,0.003115
5008221,1.0,4.0,3.0,0.003115
5046132,3.0,6.0,3.0,0.003115
5071267,9.0,12.0,3.0,0.003115
50601,7.0,9.0,2.0,0.002077
58836,1.0,3.0,2.0,0.002077
64179,7.0,9.0,2.0,0.002077
69607,0.0,2.0,2.0,0.002077
114333,0.0,2.0,2.0,0.002077
201867,0.0,2.0,2.0,0.002077
230481,0.0,2.0,2.0,0.002077
284968,2.0,4.0,2.0,0.002077
289692,0.0,2.0,2.0,0.002077
318219,1.0,3.0,2.0,0.002077
366112,8.0,10.0,2.0,0.002077
374584,1.0,3.0,2.0,0.002077
375240,0.0,2.0,2.0,0.002077
401765,1.0,3.0,2.0,0.002077
440901,0.0,2.0,2.0,0.002077
450901,3.0,5.0,2.0,0.002077
466400,0.0,2.0,2.0,0.002077
472273,0.0,2.0,2.0,0.002077
477292,0.0,2.0,2.0,0.002077
481203,0.0,2.0,2.0,0.002077
516198,0.0,2.0,2.0,0.002077
545259,0.0,2.0,2.0,0.002077
583485,1.0,3.0,2.0,0.002077
599382,0.0,2.0,2.0,0.002077
602012,0.0,2.0,2.0,0.002077
677862,0.0,2.0,2.0,0.002077
721664,0.0,2.0,2.0,0.002077
734809,0.0,2.0,2.0,0.002077
747109,0.0,2.0,2.0,0.002077
748392,0.0,2.0,2.0,0.002077
772629,1.0,3.0,2.0,0.002077
781315,1.0,3.0,2.0,0.002077
838946,1.0,3.0,2.0,0.002077
902556,0.0,2.0,2.0,0.002077
924708,1.0,3.0,2.0,0.002077
940822,1.0,3.0,2.0,0.002077
957119,2.0,4.0,2.0,0.002077
996587,0.0,2.0,2.0,0.002077
1013319,0.0,2.0,2.0,0.002077
1089685,0.0,2.0,2.0,0.002077
1104592,0.0,2.0,2.0,0.002077
1176344,0.0,2.0,2.0,0.002077
1189158,1.0,3.0,2.0,0.002077
1207256,0.0,2.0,2.0,0.002077
1249761,3.0,5.0,2.0,0.002077
1254330,0.0,2.0,2.0,0.002077
1273811,0.0,2.0,2.0,0.002077
1277467,0.0,2.0,2.0,0.002077
1281227,0.0,2.0,2.0,0.002077
1354236,0.0,2.0,2.0,0.002077
1411462,0.0,2.0,2.0,0.002077
1418582,1.0,3.0,2.0,0.002077
1443426,0.0,2.0,2.0,0.002077
1461887,1.0,3.0,2.0,0.002077
1467750,0.0,2.0,2.0,0.002077
1480207,0.0,2.0,2.0,0.002077
1485951,1.0,3.0,2.0,0.002077
1487591,0.0,2.0,2.0,0.002077
1526484,0.0,2.0,2.0,0.002077
1573426,6.0,8.0,2.0,0.002077
1587961,1.0,3.0,2.0,0.002077
1595193,7.0,9.0,2.0,0.002077
1631778,1.0,3.0,2.0,0.002077
1665989,0.0,2.0,2.0,0.002077
1689352,0.0,2.0,2.0,0.002077
1712001,0.0,2.0,2.0,0.002077
1723409,0.0,2.0,2.0,0.002077
1737857,1.0,3.0,2.0,0.002077
1781126,1.0,3.0,2.0,0.002077
1868811,0.0,2.0,2.0,0.002077
1873826,0.0,2.0,2.0,0.002077
1980111,1.0,3.0,2.0,0.002077
1985331,0.0,2.0,2.0,0.002077
1993741,0.0,2.0,2.0,0.002077
2004007,0.0,2.0,2.0,0.002077
2026832,1.0,3.0,2.0,0.002077
2085893,3.0,5.0,2.0,0.002077
2092246,0.0,2.0,2.0,0.002077
2096639,13.0,15.0,2.0,0.002077
2111279,0.0,2.0,2.0,0.002077
2131531,5.0,7.0,2.0,0.002077
2139021,0.0,2.0,2.0,0.002077
2158079,2.0,4.0,2.0,0.002077
2201943,0.0,2.0,2.0,0.002077
2210217,0.0,2.0,2.0,0.002077
2218582,1.0,3.0,2.0,0.002077
2247787,1.0,3.0,2.0,0.002077
2290623,1.0,3.0,2.0,0.002077
2297311,0.0,2.0,2.0,0.002077
2303546,3.0,5.0,2.0,0.002077
2328673,0.0,2.0,2.0,0.002077
2360985,0.0,2.0,2.0,0.002077
2366905,2.0,4.0,2.0,0.002077
2399798,0.0,2.0,2.0,0.002077
2455825,0.0,2.0,2.0,0.002077
2479420,0.0,2.0,2.0,0.002077
2512193,0.0,2.0,2.0,0.002077
2513189,0.0,2.0,2.0,0.002077
2528824,0.0,2.0,2.0,0.002077
2533863,2.0,4.0,2.0,0.002077
2547722,0.0,2.0,2.0,0.002077
2579035,0.0,2.0,2.0,0.002077
2582254,0.0,2.0,2.0,0.002077
2595793,0.0,2.0,2.0,0.002077
2596428,1.0,3.0,2.0,0.002077
2611736,0.0,2.0,2.0,0.002077
2693696,4.0,6.0,2.0,0.002077
2721770,0.0,2.0,2.0,0.002077
2739327,0.0,2.0,2.0,0.002077
2772071,0.0,2.0,2.0,0.002077
2778281,7.0,9.0,2.0,0.002077
2791234,0.0,2.0,2.0,0.002077
2792484,0.0,2.0,2.0,0.002077
2812993,1.0,3.0,2.0,0.002077
2815065,1.0,3.0,2.0,0.002077
2858794,10.0,12.0,2.0,0.002077
2875366,1.0,3.0,2.0,0.002077
2877672,4.0,6.0,2.0,0.002077
2881542,0.0,2.0,2.0,0.002077
2945933,9.0,11.0,2.0,0.002077
2983928,0.0,2.0,2.0,0.002077
3001296,0.0,2.0,2.0,0.002077
3010483,0.0,2.0,2.0,0.002077
3083452,1.0,3.0,2.0,0.002077
3090850,0.0,2.0,2.0,0.002077
3100080,0.0,2.0,2.0,0.002077
3102419,3.0,5.0,2.0,0.002077
3123784,0.0,2.0,2.0,0.002077
3130529,0.0,2.0,2.0,0.002077
3141941,0.0,2.0,2.0,0.002077
3188631,1.0,3.0,2.0,0.002077
3194735,0.0,2.0,2.0,0.002077
3206550,0.0,2.0,2.0,0.002077
3209590,0.0,2.0,2.0,0.002077
3222818,0.0,2.0,2.0,0.002077
3231625,16.0,18.0,2.0,0.002077
3253357,0.0,2.0,2.0,0.002077
3298361,0.0,2.0,2.0,0.002077
3372283,0.0,2.0,2.0,0.002077
3398567,5.0,7.0,2.0,0.002077
3405071,0.0,2.0,2.0,0.002077
3448205,0.0,2.0,2.0,0.002077
3461823,2.0,4.0,2.0,0.002077
3521514,1.0,3.0,2.0,0.002077
3604509,2.0,4.0,2.0,0.002077
3621778,0.0,2.0,2.0,0.002077
3627351,1.0,3.0,2.0,0.002077
3715529,0.0,2.0,2.0,0.002077
3740459,0.0,2.0,2.0,0.002077
3744190,1.0,3.0,2.0,0.002077
3768664,1.0,3.0,2.0,0.002077
3774512,3.0,5.0,2.0,0.002077
3805065,1.0,3.0,2.0,0.002077
3807068,0.0,2.0,2.0,0.002077
3844144,4.0,6.0,2.0,0.002077
3865465,0.0,2.0,2.0,0.002077
3933554,1.0,3.0,2.0,0.002077
3935940,0.0,2.0,2.0,0.002077
3952744,0.0,2.0,2.0,0.002077
4003886,0.0,2.0,2.0,0.002077
4082778,8.0,10.0,2.0,0.002077
4121221,1.0,3.0,2.0,0.002077
4169506,0.0,2.0,2.0,0.002077
4173315,1.0,3.0,2.0,0.002077
4223012,0.0,2.0,2.0,0.002077
4296516,0.0,2.0,2.0,0.002077
4301450,3.0,5.0,2.0,0.002077
4334077,0.0,2.0,2.0,0.002077
4345501,1.0,3.0,2.0,0.002077
4424369,0.0,2.0,2.0,0.002077
4436461,0.0,2.0,2.0,0.002077
4482016,0.0,2.0,2.0,0.002077
4524771,0.0,2.0,2.0,0.002077
4533189,3.0,5.0,2.0,0.002077
4565874,2.0,4.0,2.0,0.002077
4624272,0.0,2.0,2.0,0.002077
4692440,0.0,2.0,2.0,0.002077
4694794,0.0,2.0,2.0,0.002077
4708262,0.0,2.0,2.0,0.002077
4712571,0.0,2.0,2.0,0.002077
4832262,0.0,2.0,2.0,0.002077
4834913,2.0,4.0,2.0,0.002077
4865533,0.0,2.0,2.0,0.002077
4874384,3.0,5.0,2.0,0.002077
4901004,0.0,2.0,2.0,0.002077
4908092,0.0,2.0,2.0,0.002077
4915680,0.0,2.0,2.0,0.002077
4921617,0.0,2.0,2.0,0.002077
4980533,0.0,2.0,2.0,0.002077
4989387,1.0,3.0,2.0,0.002077
5012555,0.0,2.0,2.0,0.002077
5024228,0.0,2.0,2.0,0.002077
5041265,0.0,2.0,2.0,0.002077
5057769,0.0,2.0,2.0,0.002077
5067029,0.0,2.0,2.0,0.002077
5120683,1.0,3.0,2.0,0.002077
5134623,0.0,2.0,2.0,0.002077
5147460,0.0,2.0,2.0,0.002077
11120,0.0,1.0,1.0,0.001038
13767,0.0,1.0,1.0,0.001038
22257,0.0,1.0,1.0,0.001038
55312,2.0,3.0,1.0,0.001038
58498,0.0,1.0,1.0,0.001038
61626,0.0,1.0,1.0,0.001038
63690,1.0,2.0,1.0,0.001038
67918,0.0,1.0,1.0,0.001038
76064,0.0,1.0,1.0,0.001038
79220,0.0,1.0,1.0,0.001038
84994,0.0,1.0,1.0,0.001038
99763,0.0,1.0,1.0,0.001038
112445,1.0,2.0,1.0,0.001038
113102,0.0,1.0,1.0,0.001038
133377,0.0,1.0,1.0,0.001038
151831,0.0,1.0,1.0,0.001038
155091,0.0,1.0,1.0,0.001038
155172,3.0,4.0,1.0,0.001038
163196,1.0,2.0,1.0,0.001038
166971,0.0,1.0,1.0,0.001038
176011,0.0,1.0,1.0,0.001038
180183,0.0,1.0,1.0,0.001038
194104,5.0,6.0,1.0,0.001038
200278,9.0,10.0,1.0,0.001038
202297,0.0,1.0,1.0,0.001038
203249,0.0,1.0,1.0,0.001038
210158,0.0,1.0,1.0,0.001038
211810,1.0,2.0,1.0,0.001038
223690,1.0,2.0,1.0,0.001038
226341,1.0,2.0,1.0,0.001038
238434,9.0,10.0,1.0,0.001038
247810,0.0,1.0,1.0,0.001038
252646,0.0,1.0,1.0,0.001038
268251,0.0,1.0,1.0,0.001038
269606,0.0,1.0,1.0,0.001038
277383,0.0,1.0,1.0,0.001038
280333,0.0,1.0,1.0,0.001038
283996,0.0,1.0,1.0,0.001038
285822,0.0,1.0,1.0,0.001038
295183,0.0,1.0,1.0,0.001038
305253,0.0,1.0,1.0,0.001038
308413,0.0,1.0,1.0,0.001038
311509,0.0,1.0,1.0,0.001038
318592,1.0,2.0,1.0,0.001038
321567,1.0,2.0,1.0,0.001038
337243,0.0,1.0,1.0,0.001038
339580,4.0,5.0,1.0,0.001038
360294,1.0,2.0,1.0,0.001038
362968,0.0,1.0,1.0,0.001038
372289,0.0,1.0,1.0,0.001038
374203,0.0,1.0,1.0,0.001038
378698,0.0,1.0,1.0,0.001038
380055,0.0,1.0,1.0,0.001038
382910,0.0,1.0,1.0,0.001038
383530,0.0,1.0,1.0,0.001038
393045,0.0,1.0,1.0,0.001038
393663,0.0,1.0,1.0,0.001038
409729,0.0,1.0,1.0,0.001038
412619,0.0,1.0,1.0,0.001038
428367,3.0,4.0,1.0,0.001038
432523,0.0,1.0,1.0,0.001038
432873,0.0,1.0,1.0,0.001038
445307,0.0,1.0,1.0,0.001038
450756,0.0,1.0,1.0,0.001038
455943,0.0,1.0,1.0,0.001038
467461,0.0,1.0,1.0,0.001038
472985,0.0,1.0,1.0,0.001038
516813,0.0,1.0,1.0,0.001038
523181,0.0,1.0,1.0,0.001038
526781,0.0,1.0,1.0,0.001038
539513,1.0,2.0,1.0,0.001038
545775,0.0,1.0,1.0,0.001038
553365,1.0,2.0,1.0,0.001038
558076,0.0,1.0,1.0,0.001038
562672,0.0,1.0,1.0,0.001038
565986,0.0,1.0,1.0,0.001038
573847,0.0,1.0,1.0,0.001038
577442,0.0,1.0,1.0,0.001038
578336,0.0,1.0,1.0,0.001038
579105,0.0,1.0,1.0,0.001038
592161,0.0,1.0,1.0,0.001038
605882,0.0,1.0,1.0,0.001038
609791,0.0,1.0,1.0,0.001038
611849,6.0,7.0,1.0,0.001038
620409,1.0,2.0,1.0,0.001038
622168,0.0,1.0,1.0,0.001038
622741,0.0,1.0,1.0,0.001038
643645,1.0,2.0,1.0,0.001038
654045,0.0,1.0,1.0,0.001038
665347,0.0,1.0,1.0,0.001038
680438,0.0,1.0,1.0,0.001038
681850,0.0,1.0,1.0,0.001038
685330,0.0,1.0,1.0,0.001038
703852,0.0,1.0,1.0,0.001038
720513,0.0,1.0,1.0,0.001038
724320,1.0,2.0,1.0,0.001038
746548,0.0,1.0,1.0,0.001038
757910,0.0,1.0,1.0,0.001038
800190,0.0,1.0,1.0,0.001038
809709,0.0,1.0,1.0,0.001038
810632,2.0,3.0,1.0,0.001038
813818,0.0,1.0,1.0,0.001038
820364,0.0,1.0,1.0,0.001038
825165,0.0,1.0,1.0,0.001038
831271,0.0,1.0,1.0,0.001038
833866,0.0,1.0,1.0,0.001038
862523,0.0,1.0,1.0,0.001038
863375,0.0,1.0,1.0,0.001038
869764,0.0,1.0,1.0,0.001038
873521,0.0,1.0,1.0,0.001038
878325,0.0,1.0,1.0,0.001038
883540,0.0,1.0,1.0,0.001038
898578,0.0,1.0,1.0,0.001038
910741,0.0,1.0,1.0,0.001038
913428,0.0,1.0,1.0,0.001038
922189,0.0,1.0,1.0,0.001038
922588,0.0,1.0,1.0,0.001038
937407,1.0,2.0,1.0,0.001038
949648,0.0,1.0,1.0,0.001038
963285,0.0,1.0,1.0,0.001038
970709,8.0,9.0,1.0,0.001038
972597,0.0,1.0,1.0,0.001038
994002,1.0,2.0,1.0,0.001038
998114,0.0,1.0,1.0,0.001038
999755,0.0,1.0,1.0,0.001038
1015419,0.0,1.0,1.0,0.001038
1029306,0.0,1.0,1.0,0.001038
1029459,28.0,29.0,1.0,0.001038
1030192,2.0,3.0,1.0,0.001038
1040727,0.0,1.0,1.0,0.001038
1046047,3.0,4.0,1.0,0.001038
1048697,0.0,1.0,1.0,0.001038
1060525,0.0,1.0,1.0,0.001038
1061857,0.0,1.0,1.0,0.001038
1073472,0.0,1.0,1.0,0.001038
1073699,0.0,1.0,1.0,0.001038
1106870,0.0,1.0,1.0,0.001038
1113144,0.0,1.0,1.0,0.001038
1126526,0.0,1.0,1.0,0.001038
1149584,0.0,1.0,1.0,0.001038
1169503,1.0,2.0,1.0,0.001038
1171434,1.0,2.0,1.0,0.001038
1174795,0.0,1.0,1.0,0.001038
1177618,0.0,1.0,1.0,0.001038
1194737,1.0,2.0,1.0,0.001038
1207887,0.0,1.0,1.0,0.001038
1217732,0.0,1.0,1.0,0.001038
1234361,0.0,1.0,1.0,0.001038
1239603,0.0,1.0,1.0,0.001038
1240688,0.0,1.0,1.0,0.001038
1248986,0.0,1.0,1.0,0.001038
1252230,0.0,1.0,1.0,0.001038
1258177,0.0,1.0,1.0,0.001038
1260343,0.0,1.0,1.0,0.001038
1264320,0.0,1.0,1.0,0.001038
1272549,0.0,1.0,1.0,0.001038
1274175,0.0,1.0,1.0,0.001038
1274818,0.0,1.0,1.0,0.001038
1277139,0.0,1.0,1.0,0.001038
1277731,1.0,2.0,1.0,0.001038
1298828,0.0,1.0,1.0,0.001038
1299190,29.0,30.0,1.0,0.001038
1312387,0.0,1.0,1.0,0.001038
1312642,0.0,1.0,1.0,0.001038
1331923,0.0,1.0,1.0,0.001038
1349634,2.0,3.0,1.0,0.001038
1350540,0.0,1.0,1.0,0.001038
1357611,0.0,1.0,1.0,0.001038
1360711,0.0,1.0,1.0,0.001038
1363459,0.0,1.0,1.0,0.001038
1384330,0.0,1.0,1.0,0.001038
1386805,0.0,1.0,1.0,0.001038
1398739,0.0,1.0,1.0,0.001038
1406744,0.0,1.0,1.0,0.001038
1414043,0.0,1.0,1.0,0.001038
1419417,1.0,2.0,1.0,0.001038
1419569,0.0,1.0,1.0,0.001038
1438507,0.0,1.0,1.0,0.001038
1440390,0.0,1.0,1.0,0.001038
1451814,1.0,2.0,1.0,0.001038
1459642,0.0,1.0,1.0,0.001038
1467314,0.0,1.0,1.0,0.001038
1489467,0.0,1.0,1.0,0.001038
1492316,0.0,1.0,1.0,0.001038
1505776,0.0,1.0,1.0,0.001038
1528133,1.0,2.0,1.0,0.001038
1528701,2.0,3.0,1.0,0.001038
1539964,0.0,1.0,1.0,0.001038
1546352,0.0,1.0,1.0,0.001038
1569885,0.0,1.0,1.0,0.001038
1601543,0.0,1.0,1.0,0.001038
1609851,1.0,2.0,1.0,0.001038
1612623,0.0,1.0,1.0,0.001038
1624041,0.0,1.0,1.0,0.001038
1628657,3.0,4.0,1.0,0.001038
1629035,1.0,2.0,1.0,0.001038
1632647,0.0,1.0,1.0,0.001038
1635194,0.0,1.0,1.0,0.001038
1637260,1.0,2.0,1.0,0.001038
1646753,0.0,1.0,1.0,0.001038
1653613,1.0,2.0,1.0,0.001038
1674844,0.0,1.0,1.0,0.001038
1678374,0.0,1.0,1.0,0.001038
1686309,0.0,1.0,1.0,0.001038
1694669,0.0,1.0,1.0,0.001038
1695915,0.0,1.0,1.0,0.001038
1697889,0.0,1.0,1.0,0.001038
1699768,0.0,1.0,1.0,0.001038
1701471,0.0,1.0,1.0,0.001038
1702898,1.0,2.0,1.0,0.001038
1711596,0.0,1.0,1.0,0.001038
1736178,0.0,1.0,1.0,0.001038
1739706,0.0,1.0,1.0,0.001038
1747827,0.0,1.0,1.0,0.001038
1755681,0.0,1.0,1.0,0.001038
1764424,0.0,1.0,1.0,0.001038
1765288,1.0,2.0,1.0,0.001038
1766039,1.0,2.0,1.0,0.001038
1781370,0.0,1.0,1.0,0.001038
1792277,3.0,4.0,1.0,0.001038
1795157,1.0,2.0,1.0,0.001038
1807416,4.0,5.0,1.0,0.001038
1827100,1.0,2.0,1.0,0.001038
1851019,0.0,1.0,1.0,0.001038
1872294,0.0,1.0,1.0,0.001038
1896675,0.0,1.0,1.0,0.001038
1898686,0.0,1.0,1.0,0.001038
1900834,0.0,1.0,1.0,0.001038
1914382,3.0,4.0,1.0,0.001038
1922400,0.0,1.0,1.0,0.001038
1941546,0.0,1.0,1.0,0.001038
1952564,0.0,1.0,1.0,0.001038
1954691,0.0,1.0,1.0,0.001038
1955349,0.0,1.0,1.0,0.001038
1957261,0.0,1.0,1.0,0.001038
1961543,0.0,1.0,1.0,0.001038
1963052,2.0,3.0,1.0,0.001038
1965698,0.0,1.0,1.0,0.001038
1970375,0.0,1.0,1.0,0.001038
1974051,0.0,1.0,1.0,0.001038
1990869,0.0,1.0,1.0,0.001038
2013232,0.0,1.0,1.0,0.001038
2013864,0.0,1.0,1.0,0.001038
2015942,0.0,1.0,1.0,0.001038
2019624,0.0,1.0,1.0,0.001038
2023387,1.0,2.0,1.0,0.001038
2044304,0.0,1.0,1.0,0.001038
2051267,0.0,1.0,1.0,0.001038
2062335,0.0,1.0,1.0,0.001038
2066955,0.0,1.0,1.0,0.001038
2086128,0.0,1.0,1.0,0.001038
2124307,1.0,2.0,1.0,0.001038
2156156,0.0,1.0,1.0,0.001038
2165636,0.0,1.0,1.0,0.001038
2169876,0.0,1.0,1.0,0.001038
2174838,0.0,1.0,1.0,0.001038
2185551,0.0,1.0,1.0,0.001038
2192649,0.0,1.0,1.0,0.001038
2195789,1.0,2.0,1.0,0.001038
2196643,0.0,1.0,1.0,0.001038
2197032,0.0,1.0,1.0,0.001038
2200343,0.0,1.0,1.0,0.001038
2212343,0.0,1.0,1.0,0.001038
2221749,1.0,2.0,1.0,0.001038
2225310,0.0,1.0,1.0,0.001038
2240104,0.0,1.0,1.0,0.001038
2244246,0.0,1.0,1.0,0.001038
2251446,0.0,1.0,1.0,0.001038
2253970,0.0,1.0,1.0,0.001038
2255207,0.0,1.0,1.0,0.001038
2271249,0.0,1.0,1.0,0.001038
2279449,0.0,1.0,1.0,0.001038
2281023,0.0,1.0,1.0,0.001038
2287226,0.0,1.0,1.0,0.001038
2289814,0.0,1.0,1.0,0.001038
2301954,0.0,1.0,1.0,0.001038
2310649,0.0,1.0,1.0,0.001038
2313724,0.0,1.0,1.0,0.001038
2321441,2.0,3.0,1.0,0.001038
2322253,1.0,2.0,1.0,0.001038
2337395,1.0,2.0,1.0,0.001038
2343750,0.0,1.0,1.0,0.001038
2352202,0.0,1.0,1.0,0.001038
2367907,0.0,1.0,1.0,0.001038
2370610,0.0,1.0,1.0,0.001038
2371594,1.0,2.0,1.0,0.001038
2393800,0.0,1.0,1.0,0.001038
2394030,2.0,3.0,1.0,0.001038
2400671,0.0,1.0,1.0,0.001038
2429887,1.0,2.0,1.0,0.001038
2431602,0.0,1.0,1.0,0.001038
2440364,1.0,2.0,1.0,0.001038
2443475,1.0,2.0,1.0,0.001038
2459106,0.0,1.0,1.0,0.001038
2464463,0.0,1.0,1.0,0.001038
2466971,1.0,2.0,1.0,0.001038
2475942,0.0,1.0,1.0,0.001038
2488933,0.0,1.0,1.0,0.001038
2495340,7.0,8.0,1.0,0.001038
2496932,0.0,1.0,1.0,0.001038
2515942,0.0,1.0,1.0,0.001038
2529187,5.0,6.0,1.0,0.001038
2535661,0.0,1.0,1.0,0.001038
2553299,0.0,1.0,1.0,0.001038
2553450,0.0,1.0,1.0,0.001038
2555621,0.0,1.0,1.0,0.001038
2558204,6.0,7.0,1.0,0.001038
2561712,0.0,1.0,1.0,0.001038
2567555,0.0,1.0,1.0,0.001038
2576484,2.0,3.0,1.0,0.001038
2578034,0.0,1.0,1.0,0.001038
2583941,0.0,1.0,1.0,0.001038
2590256,1.0,2.0,1.0,0.001038
2596518,0.0,1.0,1.0,0.001038
2604507,0.0,1.0,1.0,0.001038
2610791,0.0,1.0,1.0,0.001038
2620182,0.0,1.0,1.0,0.001038
2626154,0.0,1.0,1.0,0.001038
2626490,0.0,1.0,1.0,0.001038
2632873,2.0,3.0,1.0,0.001038
2649368,1.0,2.0,1.0,0.001038
2652344,0.0,1.0,1.0,0.001038
2656238,0.0,1.0,1.0,0.001038
2666911,0.0,1.0,1.0,0.001038
2667323,2.0,3.0,1.0,0.001038
2678170,0.0,1.0,1.0,0.001038
2706436,0.0,1.0,1.0,0.001038
2713041,1.0,2.0,1.0,0.001038
2723483,0.0,1.0,1.0,0.001038
2729610,0.0,1.0,1.0,0.001038
2732466,2.0,3.0,1.0,0.001038
2750247,0.0,1.0,1.0,0.001038
2774299,5.0,6.0,1.0,0.001038
2774536,0.0,1.0,1.0,0.001038
2779062,0.0,1.0,1.0,0.001038
2783415,0.0,1.0,1.0,0.001038
2799848,0.0,1.0,1.0,0.001038
2825431,0.0,1.0,1.0,0.001038
2836123,0.0,1.0,1.0,0.001038
2853993,0.0,1.0,1.0,0.001038
2875969,0.0,1.0,1.0,0.001038
2881914,0.0,1.0,1.0,0.001038
2891408,0.0,1.0,1.0,0.001038
2914440,0.0,1.0,1.0,0.001038
2916918,0.0,1.0,1.0,0.001038
2918955,0.0,1.0,1.0,0.001038
2925636,1.0,2.0,1.0,0.001038
2952458,0.0,1.0,1.0,0.001038
2959407,0.0,1.0,1.0,0.001038
2969269,0.0,1.0,1.0,0.001038
2975713,0.0,1.0,1.0,0.001038
2976589,0.0,1.0,1.0,0.001038
2988043,0.0,1.0,1.0,0.001038
2989452,0.0,1.0,1.0,0.001038
2993461,0.0,1.0,1.0,0.001038
2997109,0.0,1.0,1.0,0.001038
3013991,0.0,1.0,1.0,0.001038
3033798,0.0,1.0,1.0,0.001038
3043292,0.0,1.0,1.0,0.001038
3045640,0.0,1.0,1.0,0.001038
3053292,0.0,1.0,1.0,0.001038
3054014,0.0,1.0,1.0,0.001038
3075153,0.0,1.0,1.0,0.001038
3100554,0.0,1.0,1.0,0.001038
3102560,2.0,3.0,1.0,0.001038
3118167,0.0,1.0,1.0,0.001038
3131155,0.0,1.0,1.0,0.001038
3142010,0.0,1.0,1.0,0.001038
3150851,0.0,1.0,1.0,0.001038
3154173,0.0,1.0,1.0,0.001038
3154837,0.0,1.0,1.0,0.001038
3155703,1.0,2.0,1.0,0.001038
3156448,0.0,1.0,1.0,0.001038
3170314,1.0,2.0,1.0,0.001038
3184456,0.0,1.0,1.0,0.001038
3190175,0.0,1.0,1.0,0.001038
3214361,0.0,1.0,1.0,0.001038
3230909,1.0,2.0,1.0,0.001038
3233128,1.0,2.0,1.0,0.001038
3235112,0.0,1.0,1.0,0.001038
3248072,7.0,8.0,1.0,0.001038
3253709,0.0,1.0,1.0,0.001038
3255355,0.0,1.0,1.0,0.001038
3282340,0.0,1.0,1.0,0.001038
3298620,0.0,1.0,1.0,0.001038
3299155,15.0,16.0,1.0,0.001038
3313438,0.0,1.0,1.0,0.001038
3340725,0.0,1.0,1.0,0.001038
3343024,0.0,1.0,1.0,0.001038
3351726,3.0,4.0,1.0,0.001038
3354571,2.0,3.0,1.0,0.001038
3367924,1.0,2.0,1.0,0.001038
3381583,4.0,5.0,1.0,0.001038
3388914,0.0,1.0,1.0,0.001038
3391862,0.0,1.0,1.0,0.001038
3400167,2.0,3.0,1.0,0.001038
3409341,0.0,1.0,1.0,0.001038
3422001,2.0,3.0,1.0,0.001038
3425094,1.0,2.0,1.0,0.001038
3443691,0.0,1.0,1.0,0.001038
3445730,0.0,1.0,1.0,0.001038
3456641,0.0,1.0,1.0,0.001038
3459562,4.0,5.0,1.0,0.001038
3461439,0.0,1.0,1.0,0.001038
3470850,0.0,1.0,1.0,0.001038
3490970,1.0,2.0,1.0,0.001038
3494149,0.0,1.0,1.0,0.001038
3497174,0.0,1.0,1.0,0.001038
3523150,0.0,1.0,1.0,0.001038
3524510,4.0,5.0,1.0,0.001038
3544014,0.0,1.0,1.0,0.001038
3547813,0.0,1.0,1.0,0.001038
3548883,0.0,1.0,1.0,0.001038
3568839,0.0,1.0,1.0,0.001038
3570656,1.0,2.0,1.0,0.001038
3571884,1.0,2.0,1.0,0.001038
3572783,0.0,1.0,1.0,0.001038
3577636,0.0,1.0,1.0,0.001038
3582241,0.0,1.0,1.0,0.001038
3587108,0.0,1.0,1.0,0.001038
3590468,0.0,1.0,1.0,0.001038
3594090,0.0,1.0,1.0,0.001038
3595690,0.0,1.0,1.0,0.001038
3608477,1.0,2.0,1.0,0.001038
3641399,0.0,1.0,1.0,0.001038
3663224,0.0,1.0,1.0,0.001038
3666135,0.0,1.0,1.0,0.001038
3672452,0.0,1.0,1.0,0.001038
3673049,2.0,3.0,1.0,0.001038
3681810,0.0,1.0,1.0,0.001038
3697658,0.0,1.0,1.0,0.001038
3702593,5.0,6.0,1.0,0.001038
3704829,0.0,1.0,1.0,0.001038
3711641,1.0,2.0,1.0,0.001038
3729292,0.0,1.0,1.0,0.001038
3733874,0.0,1.0,1.0,0.001038
3735942,0.0,1.0,1.0,0.001038
3736158,0.0,1.0,1.0,0.001038
3736316,1.0,2.0,1.0,0.001038
3740075,1.0,2.0,1.0,0.001038
3747586,0.0,1.0,1.0,0.001038
3756841,0.0,1.0,1.0,0.001038
3758209,0.0,1.0,1.0,0.001038
3758226,1.0,2.0,1.0,0.001038
3759918,0.0,1.0,1.0,0.001038
3770161,0.0,1.0,1.0,0.001038
3777010,0.0,1.0,1.0,0.001038
3783852,0.0,1.0,1.0,0.001038
3783926,0.0,1.0,1.0,0.001038
3788576,0.0,1.0,1.0,0.001038
3793843,0.0,1.0,1.0,0.001038
3795193,0.0,1.0,1.0,0.001038
3803127,0.0,1.0,1.0,0.001038
3815870,0.0,1.0,1.0,0.001038
3816918,0.0,1.0,1.0,0.001038
3817036,0.0,1.0,1.0,0.001038
3826089,0.0,1.0,1.0,0.001038
3833912,0.0,1.0,1.0,0.001038
3848953,6.0,7.0,1.0,0.001038
3849096,0.0,1.0,1.0,0.001038
3857308,0.0,1.0,1.0,0.001038
3866248,0.0,1.0,1.0,0.001038
3886822,0.0,1.0,1.0,0.001038
3898483,6.0,7.0,1.0,0.001038
3900668,0.0,1.0,1.0,0.001038
3901193,2.0,3.0,1.0,0.001038
3903234,0.0,1.0,1.0,0.001038
3926800,0.0,1.0,1.0,0.001038
3940193,0.0,1.0,1.0,0.001038
3942794,0.0,1.0,1.0,0.001038
3944254,0.0,1.0,1.0,0.001038
3944885,1.0,2.0,1.0,0.001038
3978441,0.0,1.0,1.0,0.001038
3980838,0.0,1.0,1.0,0.001038
3989777,0.0,1.0,1.0,0.001038
4036269,0.0,1.0,1.0,0.001038
4039865,0.0,1.0,1.0,0.001038
4042890,0.0,1.0,1.0,0.001038
4048584,3.0,4.0,1.0,0.001038
4050612,0.0,1.0,1.0,0.001038
4077585,0.0,1.0,1.0,0.001038
4113220,0.0,1.0,1.0,0.001038
4128033,0.0,1.0,1.0,0.001038
4138583,3.0,4.0,1.0,0.001038
4163659,4.0,5.0,1.0,0.001038
4188178,0.0,1.0,1.0,0.001038
4203730,0.0,1.0,1.0,0.001038
4211850,0.0,1.0,1.0,0.001038
4212069,1.0,2.0,1.0,0.001038
4220691,0.0,1.0,1.0,0.001038
4227487,0.0,1.0,1.0,0.001038
4239038,0.0,1.0,1.0,0.001038
4243653,0.0,1.0,1.0,0.001038
4244487,18.0,19.0,1.0,0.001038
4244990,0.0,1.0,1.0,0.001038
4255953,0.0,1.0,1.0,0.001038
4261392,0.0,1.0,1.0,0.001038
4273374,0.0,1.0,1.0,0.001038
4273662,1.0,2.0,1.0,0.001038
4281067,0.0,1.0,1.0,0.001038
4285553,1.0,2.0,1.0,0.001038
4294512,0.0,1.0,1.0,0.001038
4298656,0.0,1.0,1.0,0.001038
4302328,0.0,1.0,1.0,0.001038
4307317,0.0,1.0,1.0,0.001038
4308141,3.0,4.0,1.0,0.001038
4321796,0.0,1.0,1.0,0.001038
4323655,0.0,1.0,1.0,0.001038
4333465,0.0,1.0,1.0,0.001038
4336538,0.0,1.0,1.0,0.001038
4370954,0.0,1.0,1.0,0.001038
4374048,0.0,1.0,1.0,0.001038
4378750,0.0,1.0,1.0,0.001038
4390513,0.0,1.0,1.0,0.001038
4391936,5.0,6.0,1.0,0.001038
4395670,0.0,1.0,1.0,0.001038
4397687,0.0,1.0,1.0,0.001038
4402326,0.0,1.0,1.0,0.001038
4403323,0.0,1.0,1.0,0.001038
4408422,0.0,1.0,1.0,0.001038
4425678,0.0,1.0,1.0,0.001038
4434812,1.0,2.0,1.0,0.001038
4447409,0.0,1.0,1.0,0.001038
4464320,0.0,1.0,1.0,0.001038
4466876,0.0,1.0,1.0,0.001038
4478620,0.0,1.0,1.0,0.001038
4481410,0.0,1.0,1.0,0.001038
4482419,1.0,2.0,1.0,0.001038
4487980,0.0,1.0,1.0,0.001038
4489615,0.0,1.0,1.0,0.001038
4503832,0.0,1.0,1.0,0.001038
4513669,0.0,1.0,1.0,0.001038
4524544,0.0,1.0,1.0,0.001038
4526708,0.0,1.0,1.0,0.001038
4537798,0.0,1.0,1.0,0.001038
4553088,0.0,1.0,1.0,0.001038
4559624,0.0,1.0,1.0,0.001038
4561988,0.0,1.0,1.0,0.001038
4576874,6.0,7.0,1.0,0.001038
4596941,0.0,1.0,1.0,0.001038
4602388,0.0,1.0,1.0,0.001038
4602841,2.0,3.0,1.0,0.001038
4612468,0.0,1.0,1.0,0.001038
4615159,0.0,1.0,1.0,0.001038
4627820,2.0,3.0,1.0,0.001038
4632044,0.0,1.0,1.0,0.001038
4640095,0.0,1.0,1.0,0.001038
4656341,0.0,1.0,1.0,0.001038
4662072,0.0,1.0,1.0,0.001038
4693580,0.0,1.0,1.0,0.001038
4710097,0.0,1.0,1.0,0.001038
4718134,0.0,1.0,1.0,0.001038
4743234,0.0,1.0,1.0,0.001038
4762182,1.0,2.0,1.0,0.001038
4764977,0.0,1.0,1.0,0.001038
4776549,0.0,1.0,1.0,0.001038
4789674,2.0,3.0,1.0,0.001038
4813803,0.0,1.0,1.0,0.001038
4826471,0.0,1.0,1.0,0.001038
4830705,0.0,1.0,1.0,0.001038
4832362,0.0,1.0,1.0,0.001038
4835015,0.0,1.0,1.0,0.001038
4847838,0.0,1.0,1.0,0.001038
4853595,0.0,1.0,1.0,0.001038
4854759,0.0,1.0,1.0,0.001038
4868797,3.0,4.0,1.0,0.001038
4869428,0.0,1.0,1.0,0.001038
4871255,0.0,1.0,1.0,0.001038
4883014,0.0,1.0,1.0,0.001038
4891188,0.0,1.0,1.0,0.001038
4911958,2.0,3.0,1.0,0.001038
4924285,0.0,1.0,1.0,0.001038
4936889,0.0,1.0,1.0,0.001038
4953972,0.0,1.0,1.0,0.001038
4956511,0.0,1.0,1.0,0.001038
4956748,0.0,1.0,1.0,0.001038
4969568,1.0,2.0,1.0,0.001038
4988911,1.0,2.0,1.0,0.001038
4990074,0.0,1.0,1.0,0.001038
5002819,0.0,1.0,1.0,0.001038
5015375,0.0,1.0,1.0,0.001038
5028877,0.0,1.0,1.0,0.001038
5029530,0.0,1.0,1.0,0.001038
5037641,0.0,1.0,1.0,0.001038
5045220,0.0,1.0,1.0,0.001038
5066805,0.0,1.0,1.0,0.001038
5068521,0.0,1.0,1.0,0.001038
5095125,0.0,1.0,1.0,0.001038
5101104,0.0,1.0,1.0,0.001038
5127795,0.0,1.0,1.0,0.001038
5148696,0.0,1.0,1.0,0.001038
5161669,0.0,1.0,1.0,0.001038
36289,1.0,1.0,0.0,0.0
65720,1.0,1.0,0.0,0.0
84264,2.0,2.0,0.0,0.0
90791,1.0,1.0,0.0,0.0
106173,2.0,2.0,0.0,0.0
160181,3.0,3.0,0.0,0.0
182358,2.0,2.0,0.0,0.0
257909,1.0,1.0,0.0,0.0
285583,6.0,6.0,0.0,0.0
317647,1.0,1.0,0.0,0.0
322167,1.0,1.0,0.0,0.0
338646,2.0,2.0,0.0,0.0
339124,2.0,2.0,0.0,0.0
344833,2.0,2.0,0.0,0.0
358773,2.0,2.0,0.0,0.0
359388,2.0,2.0,0.0,0.0
381048,1.0,1.0,0.0,0.0
414708,1.0,1.0,0.0,0.0
448398,2.0,2.0,0.0,0.0
481876,1.0,1.0,0.0,0.0
482114,1.0,1.0,0.0,0.0
535180,1.0,1.0,0.0,0.0
542908,2.0,2.0,0.0,0.0
571820,1.0,1.0,0.0,0.0
624370,1.0,1.0,0.0,0.0
634390,6.0,6.0,0.0,0.0
784897,1.0,1.0,0.0,0.0
815311,2.0,2.0,0.0,0.0
837488,1.0,1.0,0.0,0.0
845650,2.0,2.0,0.0,0.0
858756,1.0,1.0,0.0,0.0
864424,1.0,1.0,0.0,0.0
882095,1.0,1.0,0.0,0.0
883960,23.0,23.0,0.0,0.0
893651,1.0,1.0,0.0,0.0
941949,1.0,1.0,0.0,0.0
959452,1.0,1.0,0.0,0.0
964912,2.0,2.0,0.0,0.0
1009182,4.0,4.0,0.0,0.0
1025720,1.0,1.0,0.0,0.0
1045172,8.0,8.0,0.0,0.0
1107469,1.0,1.0,0.0,0.0
1125862,1.0,1.0,0.0,0.0
1136776,1.0,1.0,0.0,0.0
1154246,2.0,2.0,0.0,0.0
1281603,1.0,1.0,0.0,0.0
1288487,2.0,2.0,0.0,0.0
1297315,1.0,1.0,0.0,0.0
1366688,2.0,2.0,0.0,0.0
1404020,13.0,13.0,0.0,0.0
1431810,2.0,2.0,0.0,0.0
1446405,1.0,1.0,0.0,0.0
1471680,1.0,1.0,0.0,0.0
1483715,1.0,1.0,0.0,0.0
1488813,1.0,1.0,0.0,0.0
1506018,1.0,1.0,0.0,0.0
1548278,7.0,7.0,0.0,0.0
1572948,2.0,2.0,0.0,0.0
1582197,2.0,2.0,0.0,0.0
1605765,1.0,1.0,0.0,0.0
1691699,1.0,1.0,0.0,0.0
1721893,1.0,1.0,0.0,0.0
1722855,1.0,1.0,0.0,0.0
1776295,1.0,1.0,0.0,0.0
1805756,1.0,1.0,0.0,0.0
1807584,2.0,2.0,0.0,0.0
1813610,2.0,2.0,0.0,0.0
1850548,2.0,2.0,0.0,0.0
1858817,1.0,1.0,0.0,0.0
1868423,1.0,1.0,0.0,0.0
1875258,1.0,1.0,0.0,0.0
1876707,2.0,2.0,0.0,0.0
1884322,4.0,4.0,0.0,0.0
1884568,3.0,3.0,0.0,0.0
1902453,1.0,1.0,0.0,0.0
1922644,1.0,1.0,0.0,0.0
1943989,3.0,3.0,0.0,0.0
1944905,1.0,1.0,0.0,0.0
1958275,1.0,1.0,0.0,0.0
1964754,3.0,3.0,0.0,0.0
1988433,2.0,2.0,0.0,0.0
2020240,1.0,1.0,0.0,0.0
2031969,1.0,1.0,0.0,0.0
2072473,3.0,3.0,0.0,0.0
2102739,2.0,2.0,0.0,0.0
2103768,2.0,2.0,0.0,0.0
2106073,2.0,2.0,0.0,0.0
2141039,1.0,1.0,0.0,0.0
2157356,2.0,2.0,0.0,0.0
2168009,1.0,1.0,0.0,0.0
2176263,1.0,1.0,0.0,0.0
2197799,1.0,1.0,0.0,0.0
2201685,1.0,1.0,0.0,0.0
2217187,1.0,1.0,0.0,0.0
2288113,1.0,1.0,0.0,0.0
2293367,1.0,1.0,0.0,0.0
2328010,1.0,1.0,0.0,0.0
2362370,1.0,1.0,0.0,0.0
2370324,1.0,1.0,0.0,0.0
2426236,1.0,1.0,0.0,0.0
2433095,1.0,1.0,0.0,0.0
2452793,1.0,1.0,0.0,0.0
2540093,1.0,1.0,0.0,0.0
2615320,1.0,1.0,0.0,0.0
2651305,2.0,2.0,0.0,0.0
2671397,3.0,3.0,0.0,0.0
2678261,1.0,1.0,0.0,0.0
2690374,1.0,1.0,0.0,0.0
2718441,1.0,1.0,0.0,0.0
2756070,1.0,1.0,0.0,0.0
2782399,1.0,1.0,0.0,0.0
2819188,1.0,1.0,0.0,0.0
2862512,1.0,1.0,0.0,0.0
2890111,2.0,2.0,0.0,0.0
2917289,1.0,1.0,0.0,0.0
2923541,1.0,1.0,0.0,0.0
2925160,4.0,4.0,0.0,0.0
2964603,2.0,2.0,0.0,0.0
2966303,1.0,1.0,0.0,0.0
3010881,1.0,1.0,0.0,0.0
3042050,2.0,2.0,0.0,0.0
3075521,1.0,1.0,0.0,0.0
3087458,4.0,4.0,0.0,0.0
3103283,1.0,1.0,0.0,0.0
3112817,6.0,6.0,0.0,0.0
3139583,1.0,1.0,0.0,0.0
3155336,1.0,1.0,0.0,0.0
3164550,7.0,7.0,0.0,0.0
3170922,1.0,1.0,0.0,0.0
3194089,1.0,1.0,0.0,0.0
3231861,1.0,1.0,0.0,0.0
3248864,2.0,2.0,0.0,0.0
3274258,2.0,2.0,0.0,0.0
3343095,1.0,1.0,0.0,0.0
3378887,4.0,4.0,0.0,0.0
3392099,1.0,1.0,0.0,0.0
3410573,1.0,1.0,0.0,0.0
3415144,5.0,5.0,0.0,0.0
3415753,1.0,1.0,0.0,0.0
3439012,4.0,4.0,0.0,0.0
3448250,1.0,1.0,0.0,0.0
3454970,1.0,1.0,0.0,0.0
3459125,1.0,1.0,0.0,0.0
3483675,2.0,2.0,0.0,0.0
3567828,1.0,1.0,0.0,0.0
3579754,4.0,4.0,0.0,0.0
3645362,14.0,14.0,0.0,0.0
3648733,1.0,1.0,0.0,0.0
3695050,1.0,1.0,0.0,0.0
3730378,1.0,1.0,0.0,0.0
3731995,1.0,1.0,0.0,0.0
3747017,11.0,11.0,0.0,0.0
3756425,1.0,1.0,0.0,0.0
3776999,1.0,1.0,0.0,0.0
3779369,3.0,3.0,0.0,0.0
3791831,1.0,1.0,0.0,0.0
3796207,2.0,2.0,0.0,0.0
3807763,2.0,2.0,0.0,0.0
3855599,1.0,1.0,0.0,0.0
3919304,1.0,1.0,0.0,0.0
3922126,2.0,2.0,0.0,0.0
3975787,13.0,13.0,0.0,0.0
3985610,1.0,1.0,0.0,0.0
3995452,2.0,2.0,0.0,0.0
3999977,2.0,2.0,0.0,0.0
4006013,2.0,2.0,0.0,0.0
4011278,1.0,1.0,0.0,0.0
4015820,1.0,1.0,0.0,0.0
4078249,1.0,1.0,0.0,0.0
4085342,1.0,1.0,0.0,0.0
4095810,6.0,6.0,0.0,0.0
4098232,1.0,1.0,0.0,0.0
4185664,1.0,1.0,0.0,0.0
4220654,3.0,3.0,0.0,0.0
4257541,1.0,1.0,0.0,0.0
4282670,1.0,1.0,0.0,0.0
4294583,2.0,2.0,0.0,0.0
4317228,1.0,1.0,0.0,0.0
4339360,1.0,1.0,0.0,0.0
4355436,1.0,1.0,0.0,0.0
4356440,1.0,1.0,0.0,0.0
4357323,31.0,31.0,0.0,0.0
4370528,1.0,1.0,0.0,0.0
4449178,1.0,1.0,0.0,0.0
4455776,1.0,1.0,0.0,0.0
4509039,1.0,1.0,0.0,0.0
4512393,1.0,1.0,0.0,0.0
4544118,1.0,1.0,0.0,0.0
4558987,16.0,16.0,0.0,0.0
4564007,1.0,1.0,0.0,0.0
4565729,1.0,1.0,0.0,0.0
4583654,2.0,2.0,0.0,0.0
4589142,1.0,1.0,0.0,0.0
4597130,1.0,1.0,0.0,0.0
4625363,1.0,1.0,0.0,0.0
4633856,1.0,1.0,0.0,0.0
4715650,1.0,1.0,0.0,0.0
4716920,1.0,1.0,0.0,0.0
4731191,5.0,5.0,0.0,0.0
4734879,1.0,1.0,0.0,0.0
4780547,2.0,2.0,0.0,0.0
4804883,3.0,3.0,0.0,0.0
4817527,2.0,2.0,0.0,0.0
4853207,2.0,2.0,0.0,0.0
4855982,1.0,1.0,0.0,0.0
4877478,1.0,1.0,0.0,0.0
4882154,4.0,4.0,0.0,0.0
4889820,1.0,1.0,0.0,0.0
4892060,1.0,1.0,0.0,0.0
4921805,1.0,1.0,0.0,0.0
4966058,2.0,2.0,0.0,0.0
4980376,1.0,1.0,0.0,0.0
5008466,2.0,2.0,0.0,0.0
5045733,1.0,1.0,0.0,0.0
5053508,21.0,21.0,0.0,0.0
5063620,3.0,3.0,0.0,0.0
5091223,1.0,1.0,0.0,0.0
5064,1.0,0.0,-1.0,-0.001038
16766,1.0,0.0,-1.0,-0.001038
22129,1.0,0.0,-1.0,-0.001038
24104,1.0,0.0,-1.0,-0.001038
24976,1.0,0.0,-1.0,-0.001038
27522,1.0,0.0,-1.0,-0.001038
65362,1.0,0.0,-1.0,-0.001038
72526,2.0,1.0,-1.0,-0.001038
79451,1.0,0.0,-1.0,-0.001038
101859,1.0,0.0,-1.0,-0.001038
138081,1.0,0.0,-1.0,-0.001038
139590,1.0,0.0,-1.0,-0.001038
140361,1.0,0.0,-1.0,-0.001038
171128,1.0,0.0,-1.0,-0.001038
172164,1.0,0.0,-1.0,-0.001038
211402,1.0,0.0,-1.0,-0.001038
222415,1.0,0.0,-1.0,-0.001038
229607,1.0,0.0,-1.0,-0.001038
243423,1.0,0.0,-1.0,-0.001038
255969,1.0,0.0,-1.0,-0.001038
286229,2.0,1.0,-1.0,-0.001038
293545,1.0,0.0,-1.0,-0.001038
322805,4.0,3.0,-1.0,-0.001038
323851,2.0,1.0,-1.0,-0.001038
329040,1.0,0.0,-1.0,-0.001038
334451,1.0,0.0,-1.0,-0.001038
334831,1.0,0.0,-1.0,-0.001038
344221,1.0,0.0,-1.0,-0.001038
362515,1.0,0.0,-1.0,-0.001038
378205,1.0,0.0,-1.0,-0.001038
387633,1.0,0.0,-1.0,-0.001038
389704,2.0,1.0,-1.0,-0.001038
401357,5.0,4.0,-1.0,-0.001038
425574,1.0,0.0,-1.0,-0.001038
446701,1.0,0.0,-1.0,-0.001038
464112,1.0,0.0,-1.0,-0.001038
476519,1.0,0.0,-1.0,-0.001038
484957,1.0,0.0,-1.0,-0.001038
499049,1.0,0.0,-1.0,-0.001038
500212,1.0,0.0,-1.0,-0.001038
522951,2.0,1.0,-1.0,-0.001038
529278,1.0,0.0,-1.0,-0.001038
547478,1.0,0.0,-1.0,-0.001038
550660,1.0,0.0,-1.0,-0.001038
564681,1.0,0.0,-1.0,-0.001038
578784,1.0,0.0,-1.0,-0.001038
578983,2.0,1.0,-1.0,-0.001038
588463,1.0,0.0,-1.0,-0.001038
603655,1.0,0.0,-1.0,-0.001038
605687,1.0,0.0,-1.0,-0.001038
643752,1.0,0.0,-1.0,-0.001038
653249,1.0,0.0,-1.0,-0.001038
661759,1.0,0.0,-1.0,-0.001038
662846,2.0,1.0,-1.0,-0.001038
677459,1.0,0.0,-1.0,-0.001038
693937,1.0,0.0,-1.0,-0.001038
717033,1.0,0.0,-1.0,-0.001038
719442,1.0,0.0,-1.0,-0.001038
737184,1.0,0.0,-1.0,-0.001038
750949,3.0,2.0,-1.0,-0.001038
752128,1.0,0.0,-1.0,-0.001038
761059,1.0,0.0,-1.0,-0.001038
777988,1.0,0.0,-1.0,-0.001038
792836,1.0,0.0,-1.0,-0.001038
794153,1.0,0.0,-1.0,-0.001038
801865,1.0,0.0,-1.0,-0.001038
804084,7.0,6.0,-1.0,-0.001038
807138,1.0,0.0,-1.0,-0.001038
814178,1.0,0.0,-1.0,-0.001038
815501,1.0,0.0,-1.0,-0.001038
841380,1.0,0.0,-1.0,-0.001038
841696,2.0,1.0,-1.0,-0.001038
848854,2.0,1.0,-1.0,-0.001038
856543,1.0,0.0,-1.0,-0.001038
856718,2.0,1.0,-1.0,-0.001038
873792,1.0,0.0,-1.0,-0.001038
880612,1.0,0.0,-1.0,-0.001038
880704,1.0,0.0,-1.0,-0.001038
882707,4.0,3.0,-1.0,-0.001038
886304,1.0,0.0,-1.0,-0.001038
890050,1.0,0.0,-1.0,-0.001038
913035,1.0,0.0,-1.0,-0.001038
916918,1.0,0.0,-1.0,-0.001038
920038,1.0,0.0,-1.0,-0.001038
960102,1.0,0.0,-1.0,-0.001038
996449,1.0,0.0,-1.0,-0.001038
1012333,1.0,0.0,-1.0,-0.001038
1014423,1.0,0.0,-1.0,-0.001038
1020087,1.0,0.0,-1.0,-0.001038
1023710,2.0,1.0,-1.0,-0.001038
1030331,2.0,1.0,-1.0,-0.001038
1043312,1.0,0.0,-1.0,-0.001038
1058331,1.0,0.0,-1.0,-0.001038
1059665,1.0,0.0,-1.0,-0.001038
1062391,1.0,0.0,-1.0,-0.001038
1065421,1.0,0.0,-1.0,-0.001038
1080785,8.0,7.0,-1.0,-0.001038
1081037,1.0,0.0,-1.0,-0.001038
1089105,1.0,0.0,-1.0,-0.001038
1090997,1.0,0.0,-1.0,-0.001038
1151753,2.0,1.0,-1.0,-0.001038
1155625,1.0,0.0,-1.0,-0.001038
1158475,4.0,3.0,-1.0,-0.001038
1213320,1.0,0.0,-1.0,-0.001038
1227327,1.0,0.0,-1.0,-0.001038
1275696,1.0,0.0,-1.0,-0.001038
1306853,1.0,0.0,-1.0,-0.001038
1314876,1.0,0.0,-1.0,-0.001038
1343413,2.0,1.0,-1.0,-0.001038
1343555,1.0,0.0,-1.0,-0.001038
1349561,14.0,13.0,-1.0,-0.001038
1382264,2.0,1.0,-1.0,-0.001038
1396935,1.0,0.0,-1.0,-0.001038
1397912,2.0,1.0,-1.0,-0.001038
1408807,1.0,0.0,-1.0,-0.001038
1414911,1.0,0.0,-1.0,-0.001038
1416713,1.0,0.0,-1.0,-0.001038
1420205,3.0,2.0,-1.0,-0.001038
1492770,1.0,0.0,-1.0,-0.001038
1496373,1.0,0.0,-1.0,-0.001038
1498547,1.0,0.0,-1.0,-0.001038
1506691,1.0,0.0,-1.0,-0.001038
1519819,1.0,0.0,-1.0,-0.001038
1521068,1.0,0.0,-1.0,-0.001038
1526856,1.0,0.0,-1.0,-0.001038
1527667,1.0,0.0,-1.0,-0.001038
1537669,1.0,0.0,-1.0,-0.001038
1540947,1.0,0.0,-1.0,-0.001038
1547412,1.0,0.0,-1.0,-0.001038
1553570,1.0,0.0,-1.0,-0.001038
1559253,1.0,0.0,-1.0,-0.001038
1561921,1.0,0.0,-1.0,-0.001038
1574064,1.0,0.0,-1.0,-0.001038
1579551,1.0,0.0,-1.0,-0.001038
1610764,1.0,0.0,-1.0,-0.001038
1611144,2.0,1.0,-1.0,-0.001038
1664190,1.0,0.0,-1.0,-0.001038
1674316,1.0,0.0,-1.0,-0.001038
1703906,1.0,0.0,-1.0,-0.001038
1725832,1.0,0.0,-1.0,-0.001038
1730376,2.0,1.0,-1.0,-0.001038
1730594,2.0,1.0,-1.0,-0.001038
1742197,1.0,0.0,-1.0,-0.001038
1783394,1.0,0.0,-1.0,-0.001038
1793060,1.0,0.0,-1.0,-0.001038
1798340,1.0,0.0,-1.0,-0.001038
1813868,1.0,0.0,-1.0,-0.001038
1829221,1.0,0.0,-1.0,-0.001038
1846937,1.0,0.0,-1.0,-0.001038
1847649,1.0,0.0,-1.0,-0.001038
1849958,1.0,0.0,-1.0,-0.001038
1852398,1.0,0.0,-1.0,-0.001038
1882323,1.0,0.0,-1.0,-0.001038
1893541,1.0,0.0,-1.0,-0.001038
1896006,2.0,1.0,-1.0,-0.001038
1904657,1.0,0.0,-1.0,-0.001038
1929516,1.0,0.0,-1.0,-0.001038
1929875,1.0,0.0,-1.0,-0.001038
1945301,1.0,0.0,-1.0,-0.001038
1947578,1.0,0.0,-1.0,-0.001038
1947820,1.0,0.0,-1.0,-0.001038
1950665,1.0,0.0,-1.0,-0.001038
1960523,1.0,0.0,-1.0,-0.001038
1978345,1.0,0.0,-1.0,-0.001038
1984197,1.0,0.0,-1.0,-0.001038
1986754,1.0,0.0,-1.0,-0.001038
2025483,2.0,1.0,-1.0,-0.001038
2028981,1.0,0.0,-1.0,-0.001038
2030976,4.0,3.0,-1.0,-0.001038
2046640,1.0,0.0,-1.0,-0.001038
2052384,1.0,0.0,-1.0,-0.001038
2066743,2.0,1.0,-1.0,-0.001038
2081312,1.0,0.0,-1.0,-0.001038
2088964,1.0,0.0,-1.0,-0.001038
2100750,1.0,0.0,-1.0,-0.001038
2110377,1.0,0.0,-1.0,-0.001038
2127597,1.0,0.0,-1.0,-0.001038
2129263,1.0,0.0,-1.0,-0.001038
2129666,1.0,0.0,-1.0,-0.001038
2181935,1.0,0.0,-1.0,-0.001038
2200638,1.0,0.0,-1.0,-0.001038
2241047,2.0,1.0,-1.0,-0.001038
2242620,1.0,0.0,-1.0,-0.001038
2250828,1.0,0.0,-1.0,-0.001038
2259994,1.0,0.0,-1.0,-0.001038
2268637,1.0,0.0,-1.0,-0.001038
2272488,2.0,1.0,-1.0,-0.001038
2272886,1.0,0.0,-1.0,-0.001038
2313309,1.0,0.0,-1.0,-0.001038
2326035,1.0,0.0,-1.0,-0.001038
2340518,1.0,0.0,-1.0,-0.001038
2361828,2.0,1.0,-1.0,-0.001038
2388400,1.0,0.0,-1.0,-0.001038
2393184,3.0,2.0,-1.0,-0.001038
2409814,1.0,0.0,-1.0,-0.001038
2415168,1.0,0.0,-1.0,-0.001038
2422417,2.0,1.0,-1.0,-0.001038
2429775,1.0,0.0,-1.0,-0.001038
2430608,1.0,0.0,-1.0,-0.001038
2460565,1.0,0.0,-1.0,-0.001038
2467853,1.0,0.0,-1.0,-0.001038
2478177,1.0,0.0,-1.0,-0.001038
2505579,1.0,0.0,-1.0,-0.001038
2506339,1.0,0.0,-1.0,-0.001038
2507053,3.0,2.0,-1.0,-0.001038
2508333,1.0,0.0,-1.0,-0.001038
2520771,29.0,28.0,-1.0,-0.001038
2521664,1.0,0.0,-1.0,-0.001038
2534744,1.0,0.0,-1.0,-0.001038
2562909,1.0,0.0,-1.0,-0.001038
2575281,1.0,0.0,-1.0,-0.001038
2584932,2.0,1.0,-1.0,-0.001038
2603528,1.0,0.0,-1.0,-0.001038
2609569,1.0,0.0,-1.0,-0.001038
2612425,1.0,0.0,-1.0,-0.001038
2636586,1.0,0.0,-1.0,-0.001038
2644878,1.0,0.0,-1.0,-0.001038
2649129,1.0,0.0,-1.0,-0.001038
2672762,1.0,0.0,-1.0,-0.001038
2673821,1.0,0.0,-1.0,-0.001038
2675427,4.0,3.0,-1.0,-0.001038
2684959,1.0,0.0,-1.0,-0.001038
2690744,1.0,0.0,-1.0,-0.001038
2702525,3.0,2.0,-1.0,-0.001038
2718588,1.0,0.0,-1.0,-0.001038
2720496,1.0,0.0,-1.0,-0.001038
2725426,1.0,0.0,-1.0,-0.001038
2729260,1.0,0.0,-1.0,-0.001038
2730467,1.0,0.0,-1.0,-0.001038
2733371,4.0,3.0,-1.0,-0.001038
2733586,1.0,0.0,-1.0,-0.001038
2737340,1.0,0.0,-1.0,-0.001038
2740569,3.0,2.0,-1.0,-0.001038
2748804,1.0,0.0,-1.0,-0.001038
2751787,1.0,0.0,-1.0,-0.001038
2773917,1.0,0.0,-1.0,-0.001038
2794147,1.0,0.0,-1.0,-0.001038
2805193,1.0,0.0,-1.0,-0.001038
2810146,1.0,0.0,-1.0,-0.001038
2816302,1.0,0.0,-1.0,-0.001038
2819811,1.0,0.0,-1.0,-0.001038
2828436,1.0,0.0,-1.0,-0.001038
2872443,4.0,3.0,-1.0,-0.001038
2878347,1.0,0.0,-1.0,-0.001038
2896142,3.0,2.0,-1.0,-0.001038
2924150,2.0,1.0,-1.0,-0.001038
2940518,1.0,0.0,-1.0,-0.001038
2954645,1.0,0.0,-1.0,-0.001038
2970453,2.0,1.0,-1.0,-0.001038
2978598,1.0,0.0,-1.0,-0.001038
2985553,1.0,0.0,-1.0,-0.001038
2986945,1.0,0.0,-1.0,-0.001038
2994558,1.0,0.0,-1.0,-0.001038
3011767,1.0,0.0,-1.0,-0.001038
3012102,1.0,0.0,-1.0,-0.001038
3030258,1.0,0.0,-1.0,-0.001038
3034658,1.0,0.0,-1.0,-0.001038
3053182,1.0,0.0,-1.0,-0.001038
3061895,1.0,0.0,-1.0,-0.001038
3073794,1.0,0.0,-1.0,-0.001038
3077776,1.0,0.0,-1.0,-0.001038
3091480,2.0,1.0,-1.0,-0.001038
3092571,1.0,0.0,-1.0,-0.001038
3092897,1.0,0.0,-1.0,-0.001038
3148589,1.0,0.0,-1.0,-0.001038
3160926,4.0,3.0,-1.0,-0.001038
3161951,1.0,0.0,-1.0,-0.001038
3169295,1.0,0.0,-1.0,-0.001038
3171095,1.0,0.0,-1.0,-0.001038
3173741,1.0,0.0,-1.0,-0.001038
3175480,2.0,1.0,-1.0,-0.001038
3177764,2.0,1.0,-1.0,-0.001038
3189935,6.0,5.0,-1.0,-0.001038
3191795,1.0,0.0,-1.0,-0.001038
3203956,2.0,1.0,-1.0,-0.001038
3211701,1.0,0.0,-1.0,-0.001038
3219576,1.0,0.0,-1.0,-0.001038
3234738,1.0,0.0,-1.0,-0.001038
3236397,1.0,0.0,-1.0,-0.001038
3250334,1.0,0.0,-1.0,-0.001038
3253440,1.0,0.0,-1.0,-0.001038
3257290,1.0,0.0,-1.0,-0.001038
3267288,1.0,0.0,-1.0,-0.001038
3273619,1.0,0.0,-1.0,-0.001038
3289575,1.0,0.0,-1.0,-0.001038
3305081,1.0,0.0,-1.0,-0.001038
3317851,1.0,0.0,-1.0,-0.001038
3323163,1.0,0.0,-1.0,-0.001038
3328511,1.0,0.0,-1.0,-0.001038
3358142,1.0,0.0,-1.0,-0.001038
3401301,1.0,0.0,-1.0,-0.001038
3422025,1.0,0.0,-1.0,-0.001038
3427814,1.0,0.0,-1.0,-0.001038
3430419,4.0,3.0,-1.0,-0.001038
3455617,4.0,3.0,-1.0,-0.001038
3461081,1.0,0.0,-1.0,-0.001038
3461734,1.0,0.0,-1.0,-0.001038
3476493,1.0,0.0,-1.0,-0.001038
3497230,2.0,1.0,-1.0,-0.001038
3503604,1.0,0.0,-1.0,-0.001038
3505338,1.0,0.0,-1.0,-0.001038
3538575,1.0,0.0,-1.0,-0.001038
3538807,1.0,0.0,-1.0,-0.001038
3547172,1.0,0.0,-1.0,-0.001038
3550349,1.0,0.0,-1.0,-0.001038
3563906,2.0,1.0,-1.0,-0.001038
3566542,1.0,0.0,-1.0,-0.001038
3576462,1.0,0.0,-1.0,-0.001038
3589047,1.0,0.0,-1.0,-0.001038
3597057,1.0,0.0,-1.0,-0.001038
3641324,1.0,0.0,-1.0,-0.001038
3653910,2.0,1.0,-1.0,-0.001038
3665133,1.0,0.0,-1.0,-0.001038
3667321,1.0,0.0,-1.0,-0.001038
3757834,1.0,0.0,-1.0,-0.001038
3767409,2.0,1.0,-1.0,-0.001038
3773865,1.0,0.0,-1.0,-0.001038
3790396,2.0,1.0,-1.0,-0.001038
3795340,1.0,0.0,-1.0,-0.001038
3835723,1.0,0.0,-1.0,-0.001038
3839011,1.0,0.0,-1.0,-0.001038
3843209,1.0,0.0,-1.0,-0.001038
3850614,1.0,0.0,-1.0,-0.001038
3852520,1.0,0.0,-1.0,-0.001038
3862122,1.0,0.0,-1.0,-0.001038
3879225,1.0,0.0,-1.0,-0.001038
3879308,1.0,0.0,-1.0,-0.001038
3883310,1.0,0.0,-1.0,-0.001038
3909718,1.0,0.0,-1.0,-0.001038
3912910,2.0,1.0,-1.0,-0.001038
3913141,1.0,0.0,-1.0,-0.001038
3924783,1.0,0.0,-1.0,-0.001038
3937814,1.0,0.0,-1.0,-0.001038
3938045,1.0,0.0,-1.0,-0.001038
3940352,1.0,0.0,-1.0,-0.001038
3953647,1.0,0.0,-1.0,-0.001038
3957883,1.0,0.0,-1.0,-0.001038
3962527,1.0,0.0,-1.0,-0.001038
3980900,3.0,2.0,-1.0,-0.001038
4003932,4.0,3.0,-1.0,-0.001038
4015257,1.0,0.0,-1.0,-0.001038
4032951,1.0,0.0,-1.0,-0.001038
4056794,1.0,0.0,-1.0,-0.001038
4066962,1.0,0.0,-1.0,-0.001038
4069129,2.0,1.0,-1.0,-0.001038
4082111,1.0,0.0,-1.0,-0.001038
4094201,1.0,0.0,-1.0,-0.001038
4098379,1.0,0.0,-1.0,-0.001038
4106517,1.0,0.0,-1.0,-0.001038
4107781,1.0,0.0,-1.0,-0.001038
4127459,1.0,0.0,-1.0,-0.001038
4144410,1.0,0.0,-1.0,-0.001038
4167298,1.0,0.0,-1.0,-0.001038
4174942,2.0,1.0,-1.0,-0.001038
4191275,1.0,0.0,-1.0,-0.001038
4205666,1.0,0.0,-1.0,-0.001038
4222240,1.0,0.0,-1.0,-0.001038
4238377,3.0,2.0,-1.0,-0.001038
4238676,2.0,1.0,-1.0,-0.001038
4241245,1.0,0.0,-1.0,-0.001038
4251131,1.0,0.0,-1.0,-0.001038
4256011,1.0,0.0,-1.0,-0.001038
4260877,1.0,0.0,-1.0,-0.001038
4263418,1.0,0.0,-1.0,-0.001038
4268427,1.0,0.0,-1.0,-0.001038
4276479,1.0,0.0,-1.0,-0.001038
4276787,1.0,0.0,-1.0,-0.001038
4292119,2.0,1.0,-1.0,-0.001038
4292858,1.0,0.0,-1.0,-0.001038
4304225,1.0,0.0,-1.0,-0.001038
4315564,1.0,0.0,-1.0,-0.001038
4334671,1.0,0.0,-1.0,-0.001038
4338287,1.0,0.0,-1.0,-0.001038
4339722,7.0,6.0,-1.0,-0.001038
4350978,3.0,2.0,-1.0,-0.001038
4392650,3.0,2.0,-1.0,-0.001038
4396276,1.0,0.0,-1.0,-0.001038
4407385,1.0,0.0,-1.0,-0.001038
4410687,1.0,0.0,-1.0,-0.001038
4411949,1.0,0.0,-1.0,-0.001038
4444302,2.0,1.0,-1.0,-0.001038
4446527,1.0,0.0,-1.0,-0.001038
4458428,3.0,2.0,-1.0,-0.001038
4491457,1.0,0.0,-1.0,-0.001038
4498047,1.0,0.0,-1.0,-0.001038
4509358,1.0,0.0,-1.0,-0.001038
4517019,1.0,0.0,-1.0,-0.001038
4530743,1.0,0.0,-1.0,-0.001038
4550135,1.0,0.0,-1.0,-0.001038
4563628,2.0,1.0,-1.0,-0.001038
4612213,1.0,0.0,-1.0,-0.001038
4621949,4.0,3.0,-1.0,-0.001038
4633953,4.0,3.0,-1.0,-0.001038
4638374,1.0,0.0,-1.0,-0.001038
4639855,5.0,4.0,-1.0,-0.001038
4643350,9.0,8.0,-1.0,-0.001038
4644351,1.0,0.0,-1.0,-0.001038
4661468,1.0,0.0,-1.0,-0.001038
4669008,1.0,0.0,-1.0,-0.001038
4688770,1.0,0.0,-1.0,-0.001038
4700878,1.0,0.0,-1.0,-0.001038
4715451,1.0,0.0,-1.0,-0.001038
4728774,1.0,0.0,-1.0,-0.001038
4739351,1.0,0.0,-1.0,-0.001038
4758695,1.0,0.0,-1.0,-0.001038
4760804,1.0,0.0,-1.0,-0.001038
4772448,2.0,1.0,-1.0,-0.001038
4773090,1.0,0.0,-1.0,-0.001038
4776297,2.0,1.0,-1.0,-0.001038
4779633,2.0,1.0,-1.0,-0.001038
4804081,1.0,0.0,-1.0,-0.001038
4818107,6.0,5.0,-1.0,-0.001038
4824934,1.0,0.0,-1.0,-0.001038
4827537,2.0,1.0,-1.0,-0.001038
4840256,1.0,0.0,-1.0,-0.001038
4858656,2.0,1.0,-1.0,-0.001038
4866919,1.0,0.0,-1.0,-0.001038
4869837,1.0,0.0,-1.0,-0.001038
4876006,1.0,0.0,-1.0,-0.001038
4894095,5.0,4.0,-1.0,-0.001038
4904396,1.0,0.0,-1.0,-0.001038
4912031,1.0,0.0,-1.0,-0.001038
4917103,1.0,0.0,-1.0,-0.001038
4942468,1.0,0.0,-1.0,-0.001038
4943103,1.0,0.0,-1.0,-0.001038
4958794,3.0,2.0,-1.0,-0.001038
4977497,1.0,0.0,-1.0,-0.001038
4982192,2.0,1.0,-1.0,-0.001038
4983053,1.0,0.0,-1.0,-0.001038
4983640,1.0,0.0,-1.0,-0.001038
5013760,1.0,0.0,-1.0,-0.001038
5028097,1.0,0.0,-1.0,-0.001038
5028478,1.0,0.0,-1.0,-0.001038
5029362,1.0,0.0,-1.0,-0.001038
5048062,2.0,1.0,-1.0,-0.001038
5084833,1.0,0.0,-1.0,-0.001038
5086533,1.0,0.0,-1.0,-0.001038
5101577,1.0,0.0,-1.0,-0.001038
5109144,1.0,0.0,-1.0,-0.001038
5119295,1.0,0.0,-1.0,-0.001038
5144469,1.0,0.0,-1.0,-0.001038
5146636,1.0,0.0,-1.0,-0.001038
5150761,1.0,0.0,-1.0,-0.001038
5156420,1.0,0.0,-1.0,-0.001038
105137,2.0,0.0,-2.0,-0.002077
119741,3.0,1.0,-2.0,-0.002077
165035,2.0,0.0,-2.0,-0.002077
171529,5.0,3.0,-2.0,-0.002077
245030,4.0,2.0,-2.0,-0.002077
362151,2.0,0.0,-2.0,-0.002077
411153,21.0,19.0,-2.0,-0.002077
476283,5.0,3.0,-2.0,-0.002077
651666,3.0,1.0,-2.0,-0.002077
703717,2.0,0.0,-2.0,-0.002077
715487,2.0,0.0,-2.0,-0.002077
728641,2.0,0.0,-2.0,-0.002077
876318,3.0,1.0,-2.0,-0.002077
886203,9.0,7.0,-2.0,-0.002077
992700,2.0,0.0,-2.0,-0.002077
1014564,2.0,0.0,-2.0,-0.002077
1019260,2.0,0.0,-2.0,-0.002077
1084665,2.0,0.0,-2.0,-0.002077
1231891,3.0,1.0,-2.0,-0.002077
1286537,3.0,1.0,-2.0,-0.002077
1331853,2.0,0.0,-2.0,-0.002077
1345364,2.0,0.0,-2.0,-0.002077
1391195,2.0,0.0,-2.0,-0.002077
1422474,3.0,1.0,-2.0,-0.002077
1462446,2.0,0.0,-2.0,-0.002077
1508018,3.0,1.0,-2.0,-0.002077
1521931,5.0,3.0,-2.0,-0.002077
1609467,3.0,1.0,-2.0,-0.002077
1615537,2.0,0.0,-2.0,-0.002077
1669167,7.0,5.0,-2.0,-0.002077
1672064,3.0,1.0,-2.0,-0.002077
1729993,5.0,3.0,-2.0,-0.002077
1780495,2.0,0.0,-2.0,-0.002077
1998227,2.0,0.0,-2.0,-0.002077
2026907,2.0,0.0,-2.0,-0.002077
2113224,2.0,0.0,-2.0,-0.002077
2136933,2.0,0.0,-2.0,-0.002077
2154669,2.0,0.0,-2.0,-0.002077
2158870,3.0,1.0,-2.0,-0.002077
2164274,2.0,0.0,-2.0,-0.002077
2191219,2.0,0.0,-2.0,-0.002077
2194744,5.0,3.0,-2.0,-0.002077
2202384,2.0,0.0,-2.0,-0.002077
2272151,2.0,0.0,-2.0,-0.002077
2276883,2.0,0.0,-2.0,-0.002077
2281156,3.0,1.0,-2.0,-0.002077
2316980,2.0,0.0,-2.0,-0.002077
2425725,2.0,0.0,-2.0,-0.002077
2432451,2.0,0.0,-2.0,-0.002077
2448593,2.0,0.0,-2.0,-0.002077
2462567,6.0,4.0,-2.0,-0.002077
2548944,3.0,1.0,-2.0,-0.002077
2627103,2.0,0.0,-2.0,-0.002077
2633883,2.0,0.0,-2.0,-0.002077
2644484,4.0,2.0,-2.0,-0.002077
2753808,2.0,0.0,-2.0,-0.002077
2800021,2.0,0.0,-2.0,-0.002077
2818202,2.0,0.0,-2.0,-0.002077
2846152,3.0,1.0,-2.0,-0.002077
2865017,2.0,0.0,-2.0,-0.002077
2923285,6.0,4.0,-2.0,-0.002077
2935574,2.0,0.0,-2.0,-0.002077
2972679,3.0,1.0,-2.0,-0.002077
2979796,4.0,2.0,-2.0,-0.002077
3076855,2.0,0.0,-2.0,-0.002077
3081594,2.0,0.0,-2.0,-0.002077
3130892,2.0,0.0,-2.0,-0.002077
3132593,2.0,0.0,-2.0,-0.002077
3220984,3.0,1.0,-2.0,-0.002077
3225747,2.0,0.0,-2.0,-0.002077
3253210,3.0,1.0,-2.0,-0.002077
3264833,3.0,1.0,-2.0,-0.002077
3320579,4.0,2.0,-2.0,-0.002077
3435808,4.0,2.0,-2.0,-0.002077
3441583,7.0,5.0,-2.0,-0.002077
3496816,2.0,0.0,-2.0,-0.002077
3742652,3.0,1.0,-2.0,-0.002077
3776866,21.0,19.0,-2.0,-0.002077
3787157,2.0,0.0,-2.0,-0.002077
3829657,2.0,0.0,-2.0,-0.002077
3833754,2.0,0.0,-2.0,-0.002077
3870839,2.0,0.0,-2.0,-0.002077
3880463,6.0,4.0,-2.0,-0.002077
3897299,2.0,0.0,-2.0,-0.002077
3904106,5.0,3.0,-2.0,-0.002077
3937192,2.0,0.0,-2.0,-0.002077
3947859,2.0,0.0,-2.0,-0.002077
3963773,2.0,0.0,-2.0,-0.002077
3990760,2.0,0.0,-2.0,-0.002077
3993644,2.0,0.0,-2.0,-0.002077
4112095,2.0,0.0,-2.0,-0.002077
4119922,2.0,0.0,-2.0,-0.002077
4156438,2.0,0.0,-2.0,-0.002077
4160459,2.0,0.0,-2.0,-0.002077
4167958,3.0,1.0,-2.0,-0.002077
4236628,3.0,1.0,-2.0,-0.002077
4298764,2.0,0.0,-2.0,-0.002077
4310023,3.0,1.0,-2.0,-0.002077
4360192,2.0,0.0,-2.0,-0.002077
4398560,2.0,0.0,-2.0,-0.002077
4412497,2.0,0.0,-2.0,-0.002077
4468927,3.0,1.0,-2.0,-0.002077
4476428,2.0,0.0,-2.0,-0.002077
4544743,2.0,0.0,-2.0,-0.002077
4580532,3.0,1.0,-2.0,-0.002077
4653800,2.0,0.0,-2.0,-0.002077
4830058,2.0,0.0,-2.0,-0.002077
4897718,4.0,2.0,-2.0,-0.002077
4901188,4.0,2.0,-2.0,-0.002077
5063923,6.0,4.0,-2.0,-0.002077
5099474,2.0,0.0,-2.0,-0.002077
74446,4.0,1.0,-3.0,-0.003115
144028,3.0,0.0,-3.0,-0.003115
154040,10.0,7.0,-3.0,-0.003115
339305,5.0,2.0,-3.0,-0.003115
551706,5.0,2.0,-3.0,-0.003115
582243,4.0,1.0,-3.0,-0.003115
874415,6.0,3.0,-3.0,-0.003115
937781,3.0,0.0,-3.0,-0.003115
1127566,5.0,2.0,-3.0,-0.003115
1429156,4.0,1.0,-3.0,-0.003115
1787510,19.0,16.0,-3.0,-0.003115
2204852,3.0,0.0,-3.0,-0.003115
2311290,6.0,3.0,-3.0,-0.003115
2314022,5.0,2.0,-3.0,-0.003115
2321836,6.0,3.0,-3.0,-0.003115
2342116,8.0,5.0,-3.0,-0.003115
2355072,24.0,21.0,-3.0,-0.003115
2591545,3.0,0.0,-3.0,-0.003115
2626421,4.0,1.0,-3.0,-0.003115
2685357,3.0,0.0,-3.0,-0.003115
2786309,3.0,0.0,-3.0,-0.003115
2951233,6.0,3.0,-3.0,-0.003115
3015852,4.0,1.0,-3.0,-0.003115
3100759,3.0,0.0,-3.0,-0.003115
3138705,4.0,1.0,-3.0,-0.003115
3312150,3.0,0.0,-3.0,-0.003115
3500710,5.0,2.0,-3.0,-0.003115
3624696,7.0,4.0,-3.0,-0.003115
3637084,7.0,4.0,-3.0,-0.003115
3724091,3.0,0.0,-3.0,-0.003115
3757435,3.0,0.0,-3.0,-0.003115
3794706,3.0,0.0,-3.0,-0.003115
3814016,3.0,0.0,-3.0,-0.003115
3860845,5.0,2.0,-3.0,-0.003115
3902231,4.0,1.0,-3.0,-0.003115
3973395,3.0,0.0,-3.0,-0.003115
4129924,3.0,0.0,-3.0,-0.003115
4152994,3.0,0.0,-3.0,-0.003115
4497044,3.0,0.0,-3.0,-0.003115
4540978,4.0,1.0,-3.0,-0.003115
4756105,67.0,64.0,-3.0,-0.003115
4962280,7.0,4.0,-3.0,-0.003115
5030562,3.0,0.0,-3.0,-0.003115
5041153,4.0,1.0,-3.0,-0.003115
722945,5.0,1.0,-4.0,-0.004154
739426,5.0,1.0,-4.0,-0.004154
888094,4.0,0.0,-4.0,-0.004154
1008362,5.0,1.0,-4.0,-0.004154
1050007,5.0,1.0,-4.0,-0.004154
1308457,4.0,0.0,-4.0,-0.004154
1421972,4.0,0.0,-4.0,-0.004154
1568197,11.0,7.0,-4.0,-0.004154
2558244,7.0,3.0,-4.0,-0.004154
2832009,6.0,2.0,-4.0,-0.004154
3141832,5.0,1.0,-4.0,-0.004154
3208959,4.0,0.0,-4.0,-0.004154
3836451,5.0,1.0,-4.0,-0.004154
4145813,76.0,72.0,-4.0,-0.004154
4170419,16.0,12.0,-4.0,-0.004154
4470576,6.0,2.0,-4.0,-0.004154
4606718,9.0,5.0,-4.0,-0.004154
4684862,4.0,0.0,-4.0,-0.004154
4697972,13.0,9.0,-4.0,-0.004154
4719814,25.0,21.0,-4.0,-0.004154
4750127,5.0,1.0,-4.0,-0.004154
4995985,4.0,0.0,-4.0,-0.004154
146830,5.0,0.0,-5.0,-0.005192
384755,8.0,3.0,-5.0,-0.005192
1449177,12.0,7.0,-5.0,-0.005192
1789614,9.0,4.0,-5.0,-0.005192
1834026,16.0,11.0,-5.0,-0.005192
2331312,6.0,1.0,-5.0,-0.005192
3158249,19.0,14.0,-5.0,-0.005192
4462359,18.0,13.0,-5.0,-0.005192
1567637,12.0,6.0,-6.0,-0.006231
149192,28.0,21.0,-7.0,-0.007269
431452,10.0,3.0,-7.0,-0.007269
903809,31.0,24.0,-7.0,-0.007269
1859277,13.0,6.0,-7.0,-0.007269
4784134,9.0,2.0,-7.0,-0.007269
4794845,8.0,1.0,-7.0,-0.007269
2440115,12.0,4.0,-8.0,-0.008307
1973012,18.0,9.0,-9.0,-0.009346
3407883,12.0,3.0,-9.0,-0.009346
4690421,15.0,6.0,-9.0,-0.009346
1516409,26.0,16.0,-10.0,-0.010384
267209,20.0,4.0,-16.0,-0.016615
2520377,36.0,20.0,-16.0,-0.016615
