day,dau,pv,fav,cart,buy,buy_to_pv,buy_per_dau
2017-11-25,13804,183912.0,5791.0,10868.0,3872.0,0.021054,0.280498
2017-11-26,14121,189799.0,6271.0,11437.0,4073.0,0.02146,0.288436
2017-11-27,13916,174884.0,5633.0,10426.0,4442.0,0.0254,0.319201
2017-11-28,14037,173258.0,5458.0,10606.0,4105.0,0.023693,0.292441
2017-11-29,14195,179543.0,5877.0,10733.0,4473.0,0.024913,0.315111
2017-11-30,14418,185385.0,5986.0,10699.0,4375.0,0.0236,0.30344
2017-12-01,14523,191463.0,5889.0,12263.0,4117.0,0.021503,0.283481
2017-12-02,19118,241527.0,7808.0,15231.0,5080.0,0.021033,0.265718
2017-12-03,19059,242349.0,7509.0,15196.0,5258.0,0.021696,0.27588
