day,dau,pv,fav,cart,buy,buy_to_pv,buy_per_dau,weekday,dau_prev_week,pv_prev_week,buy_prev_week,dau_ma3,dau_pct_to_ma,dau_pct_to_prev_week,dau_zscore,dau_anomaly,pv_ma3,pv_pct_to_ma,pv_pct_to_prev_week,pv_zscore,pv_anomaly,buy_ma3,buy_pct_to_ma,buy_pct_to_prev_week,buy_zscore,buy_anomaly,is_anomaly,anomaly_level
2017-11-25,13804,183912,5791,10868,3872,0.021054,0.280498,周六,,,,13804.0,0.0,,-0.7131984041765922,False,183912.0,0.0,,-0.47191841222729725,False,3872.0,0.0,,-1.3753878959205446,False,False,normal
2017-11-26,14121,189799,6271,11437,4073,0.02146,0.288436,周日,,,,13962.5,1.135183527305282,,-0.5492263726042648,False,186855.5,1.5752814340493053,,-0.23557651327075962,False,3972.5,2.529893014474512,,-0.8158431594059795,False,False,normal
2017-11-27,13916,174884,5633,10426,4442,0.0254,0.319201,周一,,,,13947.0,-0.2222700222270022,,-0.6545520262153173,False,182865.0,-4.364421841249009,,-0.8563591857676703,False,4129.0,7.580527972874789,,0.04569234814940673,False,False,normal
2017-11-28,14037,173258,5458,10606,4105,0.023693,0.292441,周二,,,,14024.666666666666,0.08794029566953895,,-0.5920920682679991,False,179313.66666666666,-3.3771361543366227,,-0.9299842907183024,False,4206.666666666667,-2.4167987321711637,,-0.7355426519982728,False,False,normal
2017-11-29,14195,179543,5877,10733,4473,0.024913,0.315111,周三,,,,14049.333333333334,1.0368226250355845,,-0.5117689654791593,False,175895.0,2.0739645811421585,,-0.6535828597483527,False,4340.0,3.064516129032258,,0.11543670856149331,False,False,normal
2017-11-30,14418,185385,5986,10699,4375,0.0236,0.30344,周四,,,,14216.666666666666,1.4161781946072727,,-0.40039455070025304,False,179395.33333333334,3.338808516014904,,-0.41204778547876275,False,4317.666666666667,1.3278777117270057,,-0.10492705608211374,False,False,normal
2017-12-01,14523,191463,5889,12263,4117,0.021503,0.283481,周五,,,,14378.666666666666,1.003801928783387,,-0.3486183521693449,False,185463.66666666666,3.234775544536132,,-0.16987124357119607,False,4321.666666666667,-4.735827227150026,,-0.7058688998415124,False,False,normal
2017-12-02,19118,241527,7808,15231,5080,0.021033,0.265718,周六,13804.0,183912.0,3872.0,16019.666666666666,19.340810254062717,38.49608809040858,2.4853672957165927,True,206125.0,17.17501516070346,31.32748270912175,2.328121927722946,True,4524.0,12.29000884173298,31.198347107438018,1.740630798497931,True,True,strong
2017-12-03,19059,242349,7509,15196,5258,0.021696,0.27588,周日,14121.0,189799.0,4073.0,17566.666666666668,8.495256166982914,34.969194816231145,2.41901572490537,True,225113.0,7.6565991302146035,27.68718486398769,2.400110588933662,True,4818.333333333333,9.124870287097897,29.09403388165971,2.5301340002141353,True,True,strong
